Норвегия голубой,822.OAC.930,44,395
Норвегия белый,822.OAC.091,44,395
Норвегия синий,822.OAC.940,44,395
Финляндия бежевый,822.OAC.513,51,425
Финляндия синий,818.ОАС.412,51,425
Финляндия серый,818.ОАС.712,51,425
Шпон Классика белый перламутр,548.М54.723,54,765
Шпон Классика серый,548.М54.945,54,765
Шпон Классика белое дерево,548.М54.730,54,765
Шпон Классика белый с кантом,548.М54.715,54,765
Шпон Модерн коричневый,477.М48.492,48,575
Шпон Модерн белый,477.М48.400,48,575
Катхульт коричневый,4701,47,395
Катхульт розовый,4704,47,395
Катхульт голубой,4702,47,395
Катхульт серый,4703,47,395
Кабинет дерево,508-07,49,370
Кабинет Классика дерево,532-07,49,345
Морёное Дерево,,59,550
Тикурилла серый,35006,35,295
Тикурилла белый,35003,35,295
Тикурилла черный,35002,35,295
Тикурилла сероголубой,35005,35,295
Тикурилла серокоричневый,35004,35,295
Тикурилла вишня,35001,35,295
Берген голубой,25504,25,265
Берген ольха,25505,25,265
Берген венге,25502,25,265
Берген хутор,25503,25,265
Лённеберга кофе,30205,30,285
Лённеберга розовый,30202,30,285
Лённеберга ольха,30204,30,285
Лённеберга голубой,30201,30,285
Лённеберга венге,30200,30,285
Лённеберга белый,30206,30,285
Рованиеми голубой,43301,43,535
Рованиеми бежевый,43305,43,535
Рованиеми розовый,43302,43,535
Рованиеми белый,43304,43,535
Рованиеми коричневый,43303,43,535
Смоланд тёмнорозовый,4613,46,415
Смоланд голубой,4616,46,415
Смоланд белый,4611,46,415
Смоланд сиреневый,4612,46,415
Смоланд зелёный,4615,46,415
Царское село белый,64045,64,895
Царское село коричневый,64043,64,895
Царское село бронза,64041,64,895
Царское село золото,64044,64,895
Заря голубой,70111,70,895
Заря зеленый,70103,70,895
Заря яркое золото,744.М70.110,70,895
Заря белый,70113,70,895
Заря укроп,70105,70,895
Белый шоколад,566.ОАС.224,70,765
Модерн червонное серебро теплое,865.ОАС.184,62,625
Модерн червонная бронза теплая,865.ОАС.211,62,625
Модерн червонное золото,865.ОАС.111,62,625
Оникс красный,56003,56,865
Оникс белый,56001,56,865
Париж розовый,35011,35,395
Париж коричневый,35013,35,395
Пориж серый,35012,35,395
Париж кремовый,35015,35,395
Париж белый,35014,35,395
Пекин розовый,40108,40,355
Пекин корея золотой,3069-С7,40,355
Пекин глянец,40105,40,355
Пекин синий,40107,40,355
Пекин белый,40103,40,355
Пекин зеленый,3069-С3,40,355
Обратный модерн венге,55051,55,525
Обратный модерн серо-голубой,55055,55,525
Геометрия черный,369.М33.,33,325
Шеометрия серебро,369.М33.285,33,325
Геометрия белый,369.М33.729,33,325
L геометрия металл,TGE 088-1464,53,695
L геометрия белый,TGE 088-1467,53,695
L геометрия черный,TGE 088-1466,53,695
Зимняя вишня,48011,48,475
Вьетнам серо-зеленый,4718-02-01,47,245
Слип бронза кант,1381-03,42,285
Штраус патина,46070,46,455
Штраус коричневый,46071,46,455
Штраус белый,46072,46,455
Штраус зеленый,46073,46,455
Штраус золото,46074,46,455
Штраус акварель,46075,46,455
Штраус серебро,46079,46,455
Муза Верона патина,5211,52,495
Муза Верона синий,5212,52,495
Муза Верона свело зеленый,5213,52,495
Муза Верона красный,5214,52,495
Муза Верона темно зеленый,5215,52,495
Муза Верона красный,5216,52,495
Муза Верона белый,5217,52,495
Сэр Генри белый,5615,56,415
Сэр Генри бордовый,5612,56,415
Сэр Генри зеленый,5613,56,415
Сэр Генри серебро,5615,56,415
Сэр Генри вишня,5611,56,415
Вена белый,25011,25,395
Вена бронза,25012,25,395
Вена серебро,25013,25,395
Вена патина,25014,25,395
Вена золото,25015,25,395
Вьюнок белый,583.М53.733,53,525
Вьюнок серебро,583.М53.252,53,525
Вьюнок золото,583.М53.186,53,525
Неаполь коричневый,40883,40,495
Неаполь золото,40881,40,495
Царицыно красный,48081,48,545
Царицино голубой,48082,48,545
Царицыно синий,48083,48,545
Царицыно зеленый,48084,48,545
Состаренное дерево ржавое золото,1275-03,40,295
Состаренное дерево ржавое серебро,1275-04,40,295
Состаренное дерево золото,1275-07,40,295
Папирус синий,142-30,39,295
Папирус коричневый,142-08,39,295
Нотка коричневый,,40,295
Слип холст белый,37015,37,315
Слип холст золото,3012,30,215
Слип холст серебро,3013,30,215
Карелия белый,3312-04012Т,25,135
Карандаш красный,199N.OAC.103,14,150
Фото гламур зеркало,1501,15,130
Фото гламур белый,1502,15,130
Фото гламур платина,1503,15,130
Фото гламур вишня,1505,15,130
Фото гламур венге,1506,15,130
Фото mini орех,12012,12,140
Фото mini белый,12013,12,140
Фото mini полынь,12014,12,140
 Фото mini оранж,12015,12,140
 Фото mini серый,12016,12,140
 Фото mini розовый,12017,12,140
Фото светлое дерево,17021,17,155
Фото золото глянец,17023,17,155
Фото серебряный лен,17024,17,155
Фото темное дерево,17025,17,155
Туман венге,24044,24,190
Туман черный,24045,24,190
Туман серебро,24050,24,190
Туман дерево,24052,24,190
Туман серебро глянец,24053,24,190
Туман золото,24054,24,190
Фото красный,21001,21,195
Фото оранжевый,21002,21,195
Фото розовый,21003,21,195
Фото синий,21004,21,195
Фото голубой,21005,21,195
Фото зеленый,21006,21,195
Ретро фото коричневый,25032,25,250
Ретро фото золото,25033,25,250
Ретро фото медь,25034,25,250
Фото металлик коричневый,432.М.44.320,44,460
Фото металлик золото,432.М.44.175,44,460
Фото металлик серый,432.М.44.261,44,460
Папирус светлое золото,858.ОАС.361,44,325
Папирус песок,858.ОАС.188,44,325
Папирус белый,858.ОАС.240,44,325
Папирус коричневый,858.ОАС.716,44,325
Папирус яркое золото,858.ОАС.098,44,325
Муза яркосинии,1214-64,51,395
Муза белый,1214-61,51,395
Муза болотный,1214-66,51,395
Муза паутинка,520-11,51,395
Муза синий,520-12,51,395
Муза серый,1214-62,51,395
Муза зеленый,595.М52.610,52,370
Муза черный,595.М52.325,52,370
Кабинет слип зеленый,BR 510-A39103,50,415
Кабинет слип золото,BR 510-V134-3111,50,415
Кабинет слип дерево,BR 510-W891311,50,415
Кабинет слип холст зеленый,02-12-05,53,325
Кабинет слип холст бордовый,02-12-12-1,53,325
Крепость серебро,1322-S,49,595
Крепость золото,1322-G,49,595
Крепость светлое золото,1322-9,49,595
Обкладка черный,1370-20,20,215
Обкладка белый,1370-W,20,215
Обкладка золото,1370-03,20,215
Шампань белый,869.ОАС.208,55,445
Золотая рыбка белый,1034-waite,56,370
Фортэ светлое золото,Е 5601,56,425
Фортэ матовый,Е 5603,56,425
Фортэ серебро,Е 5604,56,425
Фортэ золото,Е 5605,56,425
Верона темная бронза,51031,51,625
Верона золото,51032,51,625
Верона бронза,51033,51,625
Верона коричневый,51034,51,625
Гранд Верона белый,HA3-A39101,57,595
Гранд Верона антик,HA3-958,57,595
Золотая рыбка ярко коричневый,1034-33,56,370
Золотая рыбка светлое золото,1034-44,56,370
Золотая рыбка золото глянец,1034-GLPR,56,370
Золотая рыбка белый,1034-waite,56,370
Золотая рыбка серебро серый,1034-04,56,370
L нотка золото,705-03,52,475
Аустерлиц серебро,43012,43,575
Аустерлиц бронза,43014,43,575
Багратион красное золото,1364-30,43,450
Багратион патина,1227-N40,43,450
Монте светлое золото,1566-04,42,315
Монте коричневый,1566-812,42,315
Монте состаренное золото,1566-30,42,315
Монте белый посеребрянный,1566-100,42,315
Монте бронза,1566-K30,42,315
Монте белоснежный,1566-W,42,275
Монте дворец,42031,42,320
Питергоф матовый,45001,45,465
Питергоф серебро,45002,45,465
Питергоф золото,45003,45,465
Питергоф коричневый,45004,45,465
Чилита белорозовый,4041,40,495
Чилита белозеленый,4042,40,495
Чилита белоголубой,4043,40,495
Чилита венге,4044,40,495
Чилита бордовый,4047,40,495
Чилита салатовый,4048,40,495
Золотая рыбка бежевый,5117504,73,585
Петродворец зеленый,23101,23,365
Петродворец белый,23102,23,365
Петродворец кремовый,23103,23,365
Петродворец розовый,23105,23,365
Петродворец морская волна,23107,23,365
Петродворец голубой,23106,23,365
Портьера золото,30301,30,345
Портьера болотный,30302,30,345
Портьера зеленый,30303,30,345
Портьера охра,30304,30,345
Гламур зеркало,31050,31,295
Гламур теплое серебро,31051,31,295
Гламур золото,31052,31,295
Гламур белый,31053,31,295
Гламур голубой,31054,31,295
Гламур черешня,31056,31,295
Гламур синии,31057,31,295
Гламур желтый,31058,31,295
Роза коричневый,26021,26,395
Роза золото,26022,26,395
Роза серозеленый,26023,26,395
Роза голубой,26024,26,395
Роза розовый,26025,26,395
Роза белый,26026,26,395
Артфото медный лен,40021,40,345
Артфото,,40,345
Артфото серый лен,40024,40,345
Грандфото огненный,32021,32,275
Грандфото золото-коричневый,32024,32,275
Треугольник бронза,332-20,51,315
Иконка кремовый,2381,23,195
Иконка золото,2382,23,195
Иконка серый,2383,23,195
Иконка зеленый,2384,23,195
Иконка розовый,2385,23,195
Нега бежевый,2611,26,245
Нега бронза,2614,26,245
Нега золото,2616,26,245
Нега светлое золото,2617,26,245
Нега голубой,2618,26,245
Нега зеленый,2619,26,245
Нега красный,2620,26,245
Скандинавия зелёный,1328-110,27,175
Мережка белый,20103,20,235
Мережка клевер,20105,20,235
Мережка розовый,20110,20,235
Дворец черное золото,370.М35.815,35,365
Дворец бронза,370.М35.185,35,365
Дворец серебро,370.М35.227,35,365
Нотка подоконник,1748-880,28,195
Нотка золото,ВР3-S6132,32,245
Нотка патина,BP3-A39101,32,245
Нотка зелёный,ВР3-А39103,32,245
Брюсель синий,25021,25,275
Брюсель зелёный,25022,25,275
Брюсель жёлтый,25023,25,275
Брюсель красный,25024,25,275
Брюсель оранжевый,25025,25,275
Брюсель,25026,25,275
Багетик розовый,347.М35.501,34,315
Швеция шоколад,25071,25,265
Швеция голубой,25072,25,265
Швеция зелёный,25073,25,265
Швеция охра,25074,25,265
Швеция металл,25075,25,265
Прованс золото,16061,16,226
Прованс чёрный,16062,16,226
Прованс серый,16063,16,226
Прованс белый,16064,16,226
Прованс голубой,16065,16,226
Фото кант серебро,16001,16,165
Фото кант золото,16001,16,165
Фото кант вишня,16001,16,165
Фото кант дерево,16001,16,165
Фото кант золото,16001,16,165
Фото классика рыжий,20211,20,170
Фото классика красный,20214,20,170
Фото классика дерево,20217,20,170
Фото классика тёмн. антик,20218,20,170
Фото классика антик,20219,20,170
Фото классика зелёный,20220,20,170
Фото классика синий,20221,20,170
Фото классика белый,20216,20,170
Песок чёрный,21021,21,195
Песок медный,21022,21,195
Песок зелёный,21023,21,195
Песок коричневый,21024,21,195
Песок серебряный,21025,21,195
Песок золото,21026,21,195
Чёрный петушок,222.М,20,215
Виммербю розовый,2661,26,195
Виммербю голубой,2662,26,195
Виммербю серый,2663,26,195
Виммербю золото,2664,26,195
Виммербю красный,2665,26,195
Виммербю чёрный,2666,26,195
Виммербю зеленый,2667,26,195
Виммербю патина,2668,26,195
Виммербю орех,2669,26,195
Виммербю белый,2660,26,195
Виммербю синий,888.OAC.412,26,195
Кант золото,828.ОАС.007,20,175
Кант тёмное д.,828.ОАС.119,20,175
Кантик патина,809.ОАС.211,21,175
Кантик золото,809.ОАС.111,21,175
Венок серебро обратный,555.ОАС.002,56,495
Венок золото св.  Обратный,555.ОАС.021,56,495
Венок дерево  обратный,555.ОАС.031,56,495
Обратный золото,304.ОАС.126,58,675
Обратный червоная медь,304.ОАС.756,58,675
Обратный бронза,304.ОАС.772,58,675
Гранд зеркало золото,516.ОАС.126,84,870
Гранд зеркало светлое золото,516.ОАС.127,84,870
Гранд зеркало красная медь,516.ОАС.767,84,870
Дерево фактурное коричневый,S834-704,60,665
Рассвет коричневый,717.ОАС.003,63,725
Рассвет серый,717.ОАС.012,63,725
Косичка классика патина,840.ОАС.133,62,585
Косичка классика сеоебро,840.ОАС.097,62,585
Заря малый золото,515.М50.170,50,495
Заря малый серебро,515.М50.281,50,495
Нотка плоский серебро,500.М52.238,52,495
Нотка плоский дерево,500.М52.980,52,495
Зеркало обратный коричневый,926.ОАС.286,60,915
Зеркало обратный золото,926.ОАС.481,60,915
Зеркало обратный плетёнка,829Е-767,80,575
Зеркало обратный кожа,829Е-564,80,575
Потёртый золото,710.ОАС,55,695
Шпон белое дерево класс. Обратный,562.ОАС.006,84,925
Соты золото,598.ОАС.243,29,285
Соты св. Серебро,598.ОАС.244,29,285
Соты коричневый,598.ОАС.255,29,285
Соты темное серебро,598.ОАС.267,29,285
Соты большие золото,597.ОАС.243,60,625
Соты большие серебро,597.ОАС.244,60,625
Соты большие коричневый,597.ОАС.255,60,625
Соты большие тёмное серебро,597.ОАС.267,60,625
Дворец штрокий серебро,086-927,59,625
Зеркало овал тёплое серебро,101-19,80,695
Дерево золотое,PD1123-0226MG,81,725
Дерево позолоченное,PD1123-086MG,81,725
Зеркало геометрия серебро,320.ОАС.648,81,735
Зеркало геометрия венге,320.ОАС.650,81,735
Зеркало геометрия бронза,320.ОАС.767,81,735
Царицино жёлтое золото,484.М48.120,48,475
Царицино патина,484.М48.150,48,475
Царицино рыжее золото,484.М48.180,48,475
Царицино светлое золото,484.М48.210,48,475
Царицино медь,484.М48.310,48,475
Царицино розовый,484.М48.520,48,475
Царицино зелёный,484.М48.640,48,475
Царицино синий,484.М48.685,48,475
Царицино белый,484.М48.725,48,475
Царицино коричневый,484.М48.930,48,475
Зеркало классика золото,667.М70.165,70,835
Зеркало классика св.золото,667.М70.330,70,835
Флористика обратный золото,402.ОАС.015,39,415
Флористика обратный серебро,402.ОАС.035,39,415
Флористика обратный дерево,402.ОАС.069,39,415
Заря коричневый глянец,3473-189,70,525
Заря коричневый патина,3473-0955,70,525
Классика коричневый,676.М68.180,68,790
Петропавловск белый,3455-3112,45,350
Пушкинское голубой,3318-А-МР3,40,255
Классика патина золотистый,101-А101,50,325
Классика зелёный,3081-К404,32,245
Классика голубой,3081-А-1021,32,245
Эрмитаж зелёный,1644-3112,40,330
Обратный мал. Золото,807.ОАС.552,40,415
Обратный мал. Светлое Золото,807.ОАС.553,40,415
Геометрия патина,PD911-360,40,335
Геометрия золото,PD911-MX446,40,335
Зеркало модерн,1044-2,68,795
Геометрия серебро,PD911-S126,40,335
Зеркало обратное плетёнка,1709-11-272,47,245
Зеркало обратное зжавый,1709-602,47,245
Штакетник коричневый,3372-1334,30,195
Завмтушка золото,3447-314,31,225
Гладь золотисто коричневая,707.ОАС.313,64,695
Прованс травы белый,4383-1001S,52,485
Прованс травы розовый,4383-2S,52,485
Прованс травы зеленый,4383-А-4S,52,485
Прованс травы серый,4383-5S,52,485
Царские покои розовый,3449-21283,48,395
Царские покои голубой,3449-41283,48,395
Царские покои зелёный,3449-А-К404,48,395
Плоский серебро,756.ОАС.012,31,260
Плоский орех,756.ОАС.014,31,260
Хуторок розовый,381-М29-535,30,230
Хуторок береза,381-М29-584,30,230
Хуторок зелёный,381-М29-642,30,230
Хуторок синий,381-М29-688,30,230
Хуторок вишня,381-М29-903,30,230
Хуторок тополь,381-М29-941,30,230
Хуторок орех,381-М29-976,30,230
Фото красный,282-199,20,150
Фото бронза,282-09599,20,150
Фото серебристо-зелёный,282-С3,20,150
,122N.ОАС.136,21,150
,122N.ОАС.213,21,150
,122N.ОАС.226,21,150
,122N.ОАС.227,21,150
,122N.ОАС.229,21,150
,122N.ОАС.302,21,150
Фауна золото,90102,90,1570
Фауна коричневый,90104,90,1570
Гранд форте золото,9401,94,965
Гранд форте св. золото,9402,94,965
Гранд форте белый,9403,94,965
Гранд форте коричневый,9406,94,965
Флора белый,97064,97,1625
Элвис золото,78083,78,1125
Элвис чёрный,78085,75,1125
Нотка дерево,092-W360,34,235
Фото светлое дерево,299.ОАС.002,29,215
Фото темное дерево,299.ОАС.065,29,215
Фото золото,299.ОАС.016,29,215
Фото пастель,299.ОАС.087,29,215
Гуашь Жёлтый,1553-18МР1,30,185
Гуашь розовый,1553-18МР3,30,185
Гуашь красный,1553-18МР2,30,185
Гуашь синий,1553-19МР1,30,185
Штакетник светлый,3372-W4324,30,195
Штакетник чёрный,3372-070MS,30,195
Штакетник белый,3372-223P,30,195
Штакетник голубой,3372-C3,30,195
Штакетник зеленый,3372-C4,30,195
Омела розовый,802.ОАС.902,24,245
Омела зеленый,802.ОАС.903,24,245
Омела кремовый,802.ОАС.604,24,245
Нотка светлое серебро,307.ОАС.021,34,225
Нотка золото патина,886.ОАС.274,34,305
Нотка яркое золото,886.ОАС.461,34,305
Нотка светлое золото,886.ОАС.462,34,305
Нотка тёмное серебро,886.ОАС.635,34,305
Гладь малый ржавое желзо,"382.ОАС,566",42,395
Лотос бронза,300.М32.115,32,415
Лотос серебро,300.М32.187,32,415
Лотос золото,300.М32.276,32,415
Иерихонская роза бронза,203.М29.145,29,275
Иерихонская роза старая бронза,203.М29.347,29,275
Икона серебро,800.ОАС.097,38,350
Икона золото,800.ОАС.107,38,350
Икона патина,800.ОАС.133,38,350
Икона дерево,800.ОАС.311,38,350
Икона медь,800.ОАС.422,38,350
Аустирлиц нюарт,829.ОАС.097,42,375
Кантик венге,806.ОАС.300,46,425
Кантик орех,800.ОАС.386,46,425
Заря малый патина,515.М50.792,50,495
Классический вишня,177N.ОАС.468,47,460
Классический орех,177N.ОАС.600,47,460
Классика белое дерево,844.М85.746,85,1155
Классика бронзовый,844.М85.350,85,1155
Морская пучина светлый с золотом,920.М95.738,95,985
Хай-тек белый,418.ОАС.300,89,1635
Хай-тек черный,418.ОАС.895,89,1635
Люнет серебро,693.ОАС.335,70,525
Люнет темное серебро,693.ОАС.305,70,525
Люнет золото,693.ОАС.323,70,525
Люнет светлое серебро,693.ОАС.367,70,525
Модерн золото,308.ОАС.168,79,615
Модерн серебро глянец,308.ОАС.166,79,615
Модерн золото глянец,308.ОАС.314,79,615
Ультра золото,852.М80.156,79,775
Ультра серебро,852.М80.157,79,775
Флористика золото,505.М56.130,56,985
Флористика патина,505.М56.!40,56,985
Флористика серый,505.М56.240,56,985
Гранд зеркало бронза,,84,870
Сандрик золото,6829-0007,67,425
Сандрик кремовый,6829-0008,67,425
Сандрик темное дерево,6829-0010,67,425
Сандрик,6829-0014,67,425
Сандрик светлое золото,6829-0015,67,425
Пальметта золото,8235-0001,81,685
Пальметта белое серебро,8235-0011,81,685
Пальметта кремовый,8235-0017,81,685
Пальметта дерево,8235-0022,81,685
Пальметта темное дерево,8235-0023,81,685
Пальметта серебро,8235-0024,81,685
Пальметта умбра,8235-0029,81,685
Пальметта белый,8235-0109,81,685
Софит зеленый,6028-0032,57,470
Софит состаренное золото,6028-0033,57,470
Софит дерево,6028-0034,57,470
Софит серебро,6028-0035,57,470
Софит кремовый,6028-0036,57,470
Софит сграффито,6028-0037,57,470
Эхин сграффито,6643-0014,65,625
Эхин золото,6643-0023,65,625
Эхин дерево,6643-0110,65,625
Эхин старое серебро,6643-0111,65,625
Эхин светлое золото,6643-0112,65,625
Арабеска золото,6018-0004,58,295
Арабеска серебро,6018-0024,58,295
Арабеска бронза,6018-0090,58,295
Барберри венге,5419-0102,52,325
Барберри серый,5419-0103,52,325
Барберри гранж,5419-0105,52,325
Барберри сграффито,5419-0104,52,325
Барберри золото,5419-0106,52,325
Барберри сграффито 2,5419-0107,52,325
Барберри серебро,5419-0108,52,325
Пейсли золото,5123-0004,-49,295
Пейсли белый,5123-0005,49,295
Пейсли гранж,5123-0014,49,295
Пейсли кремовый,5123-0017,49,295
Пейсли бронза,5123-0018,49,295
Пейсли красное дерево,5123-0020,49,295
Пейсли темное серебро,5123-0024,49,295
Пейсли фисташково-белый,5123-0128,49,295
Лотос глянцевое золото,4627-0001,45,350
Лотос глянцевое серебро,4627-0045,45,350
Меандр золото,5730-0001,56,395
Меандр серебро,5730-0031,56,395
Роял Стюарт золото,5736-0001,56,525
Роял стюарт старое серебро,5736-0009,56,525
Роял Стюарт бронза,5736-0040,56,525
Роял Стюарт кремовый,5736-0145,56,525
Виши бронза,5724-0089,55,295
Марсель золото,5724-0001,56,295
Марсель белый с золотом,5724-0005,56,295
Марсель белый с серебром,5724-0011,56,295
Марсель охра,5724-0017,56,295
Марсель умбра с золотом,5724-0022,56,295
Марсель умбра с бронзой,5724-0023,56,295
Марсель серебро,5724-0024,56,295
Марсель,5724-0088,56,295
Монпелье дерево,3919-0006,37,235
Монпелье венге,3919-0062,37,235
Монпелье золото,3919-0063,37,235
Монпелье голубой,3919-0064,37,235
Монпелье салатовый,3919-0065,37,235
Монпелье белый,3919-0066,37,235
Монпелье розовый,3919-0067,37,235
Монпелье кремовый,3919-0068,37,235
Реймс золото состареное,4520-0007,42,245
Реймс белый,4520-0011,42,245
Реймс золото,4520-0012,42,245
Реймс кремовый,4520-0013,42,245
Реймс серебро,4520-0069,42,245
Реймс зеленый,4520-0070,42,245
Реймс красное дерево,4520-0071,42,245
Сент-Этьен коричневый,4020-0183,39,225
Сент-Этьен золото,4020-0184,39,225
Сент-Этьен кремовый,4020-0185,39,225
Сент-Этьен белый,4020-0186,39,225
Анже золото,325.ОАС.016,33,245
Анже гранж,325.ОАС.088,33,245
Ле-Ман белый с золотом,3019-0005,28,150
Ле-Ман белый с серебром,3019-0011,28,150
Ле-Ман серебро,3019-0081,28,150
Ле-Ман золото,3019-0082,28,150
Вийербан состареное золото,4325-0033,41,265
Вийербан серебро,4325-0035,41,265
Вийербан гранж,4325-0037,41,265
Вийербан дерево,4325-0038,41,265
Вийербан золото,4325-0039,41,265
Вийербан текстиль,4325-0141,41,265
Безье зеленый,4022-0032,38,250
Безье дерево,4022-0034,38,250
Безье серебро,4022-0035,38,250
Безье кремовый,4022-0036,38,250
Безье гранж,4022-0037,38,250
Безье выцветшее дерево,4022-0129,38,250
Безье золото,4022-0130,38,250
Лорьян светло розовый,4121-0131,40,210
Лорьян бронза,4121-0132,40,210
Лорьян патина,4121-0133,40,210
Лорьян голубой,4121-0134,40,210
Лорьян розовый,4121-0135,40,210
Лорьян салатовый,4121-0136,40,210
Лорьян дерево,4121-0137,40,210
Лорьян белый,4121-0138,40,210
Лорьян серо-зеленый,4121-0139,40,210
Амьен золото,4521-0001,44,230
Амьен белый,4521-0013,44,230
Амьен бронза,4521-0040,44,230
Амьен яблоня,4521-0142,44,230
Амьен серебро,4521-0143,44,230
Амьен белый с золотом,4521-0144,44,230
Бретань серебро,4115-0003,40,175
Бретань червонное золото,4115-0006,40,175
Бретань светлое золото,4115-0025,40,175
Бретань золото,4115-0091,40,175
Винланд красное дерево,4919-0038,48,250
Винланд золото,4919-0039,48,250
Винланд бронза,4919-0187,48,250
Винланд гранж,4919-0188,48,250
Фото черная,3414-0041,33,150
Фото грязное золото,3414-0177,33,150
Фото светлое золото,3414-0178,33,150
Фото венге,3414-0179,33,150
Фото серебро,3414-0180,33,150
Фото дерево,3414-0181,33,150
Фото крем,3414-0182,33,150
Гримсбер золото,2821-0001,27,150
Гримсбер бронза,2821-0079,27,150
Графика коричневый,3717-0002,36,185
Графика пастель,3717-0123,36,185
Графика красное дерево,3717-0124,36,185
Графика классика черный,3717-0125,36,185
Графика темное серебро,3717-0126,36,185
Графика золото,3717-0127,36,185
Свитьод зеленый мрамор,3518-0026,35,235
Свитьод венге,3518-0027,35,235
Свитьод золото,3518-0092,35,235
Свитьод кремовый,3518-0093,35,235
Свитьод темное золото,3518-0094,35,235
Свитьод гранж,3518-0095,35,235
Свитьод серебро,3518-0096,35,235
Нанси золото,3519-0007,34,195
Нанси пастель,3519-0008,34,195
Нанси серебро,3519-0009,34,195
Нанси темное дерево,3519-0010,34,195
Геометрия венге,2516-0052,24,150
Геометрия серебро,2516-0053,24,150
Геометрия яблоня,2516-0054,24,150
Геометрия синий,2516-0055,24,150
Геометрия бирюза,2516-0056,24,150
Геометрия голубой,2516-0057,24,150
Геометрия липа,2516-0059,24,150
Руан пастель,4516-0046,44,215
Руан золото,4516-0047,44,215
Руан сангина,4516-0051,44,215
Светлица голубой,4902-4022,38,210
Реюньон зеленый мрамор,3123-0026,30,225
Реюньон сграффито,3123-0030,30,225
Реюньон темное дерево,3123-0099,30,225
Реюньон темно голубой,3123-0100,30,225
Реюньон золото,3123-0101,30,225
Коломб золото,2815-0001,22,180
Коломб бронза,2815-0019,22,180
Коломб серебро,2815-0031,22,180
Коломб серебро глянец,2815-0121,22,180
Коломб серебро с золотом,2815-0122,22,180
Сержи светлое золото,2917-0015,28,135
Сержи золото,2917-0042,28,135
Сержи кремовый,2917-0043,28,135
Сержи вишня,2917-0175,28,135
Сержи белый,2917-0176,28,135
Сержи темное дерево,2917-0174,28,135
Версаль золото,3124-0004,29,175
Версаль белый,3124-0005,29,175
Версаль венге,3124-0006,29,175
Версаль белый 2,3124-0011,29,175
Версаль кремовый,3124-0017,29,175
Версаль бронза,3124-0018,29,175
Версаль,3124-0019,29,175
Версаль бордо,3124-0020,29,175
Версаль полынь,3124-0021,29,175
Версаль серебро,3124-0083,29,175
Версаль темное серебро,3124-0084,29,175
Версаль гранж,3124-0085,29,175
Версаль голубой,3124-0086,29,175
Версаль нежно розовый,3124-0087,29,175
Кант простой дерево,1616-0006,16,100
Кант простой белый,1616-0011,16,100
Кант простой серебро,1616-0025,16,100
Кант простой золото,1616-0118,16,100
Кант простой кремовый,1616-0119,16,100
Кант простой бронза,1616-0120,16,100
Лютик мрачный,1617-0020,16,100
Лютик серебрянный матовый,1617-0025,16,100
Глютик серебряный глянец,1617-0031,16,100
Лютик розовый,1617-0113,16,100
Лютик зеленый,1617-0115,16,100
Лютик голубой,1617-0116,16,100
Росинка белый,1715-0013,17,100
Росинка бирюза,1715-0016,17,100
Росинка белое золото,1715-0072,17,100
Росинка розовый,1715-0073,17,100
Росинка золото,1715-0075,17,100
Росинка серебро,1715-0074,17,100
,595.М52.685,52,395
,595.М52.633,52,395
,595.М52.512,52,395
,595.М52.135,52,395
Мурава золотистый,1915-0012,19,100
Мурава св. Золото,1915-0076,19,100
Мурава белый,1915-0077,19,100
Мурава серебро,1915-0078,19,100
Картуш серебро,2015-0003,20,100
Картуш золото,2015-0004,20,100
Картуш белый,2015-0005,20,100
Картуш темное дерево,2015-0006,20,100
Виньола белый,2219-0028,22,150
Виньола бронза,2219-0167,22,150
Виньола золото,2219-0168,22,150
Виньола серебро,2219-0169,22,150
Трельяж ракушка,2416-0028,24,150
Трельяж бронза,2416-0029,24,150
Трельяж золото,2416-0097,24,150
Трельяж конфети,2416-0098,24,150
Крестоцвет голубой камень,2315-0016,23,120
Крестоцвет зеленый мрамор,2315-0032,23,120
Крестоцвет взбитые сливки,2315-0172,23,120
Крестоцвет липа,2315-0173,23,120
Крестоцвет золото,2315-0042,23,120
Крестоцвет венге,2315-0038,23,120
Лазурь светлое золото,1615-0017,16,100
Лазурь бронза,1615-0018,16,100
Лазурь старое серебро,1615-0030,16,100
Лазурь золото,1615-0117,16,100
